North,South
0.463825497781756,0.536174502218244
