North,South,Central,IndoPhil
0.207381637840942,0.239729697850485,0.362231626118432,0.190657038190142
